{"nodes":{"node:1":{"location":{"x":-168,"y":96}},"node:4":{"location":{"x":209,"y":192}}},"selection":null,"view":{"scroll":{"x":-199.288970947265625,"y":-108.991607666015625},"visible_rect":{"max":{"x":536.7110595703125,"y":399.008392333984375},"min":{"x":-199.288970947265625,"y":-108.991607666015625}},"zoom":1}}